Date,S&P500,Industrials,Health Care,Information Technology,Consumer Discretionary,Utilities,Financials,Materials,Real Estate,Consumer Staples,Energy,Telecommunication Services
2000-01-31,27.41134406938774,17.814462169230765,17.139035003000004,37.363224818000006,24.767671661206897,11.98164032884615,49.92680891999999,17.7035871375,10.419979557142858,16.79942961785714,9.915023724000003,365.10543942500004
2000-02-29,27.691863715306123,16.4976105625,18.968439962,40.687544671999994,23.235938534482756,11.529222563461538,45.65159530500001,15.955201470000002,10.479319041071431,15.281701360714289,9.754545380000001,441.5564996
2000-03-31,29.02016716185418,17.00798272742475,19.17298996760443,43.786424331304346,26.683420052473757,10.661340617056855,48.37336798695652,15.615629728260867,11.002830423913048,14.21636828571429,10.905694422608695,442.94318760869567
2000-04-30,27.287327465134908,18.188129160931176,17.86871885552116,34.88509105368421,25.317841710526316,11.771584380566802,51.53669683488132,17.097568073684208,11.258388353383456,15.57624144736842,11.488191357894737,331.7256700263158
2000-05-31,26.563468431587435,18.764400553321682,18.123707688057042,31.802486950000002,22.704965124608147,12.641771040209793,51.64455645811051,17.712987149999996,11.412213824675325,15.621157042207788,12.706644696363634,306.54418406818183
2000-06-30,27.60887264522437,18.40789216346154,19.68464247027972,36.26088773090908,21.359532021159875,12.81211892657343,53.57379378074867,16.497778054545456,11.625484948051948,15.56574159577922,13.012482420000001,336.25311055681817
2000-07-31,27.67265188737372,17.61201473076923,21.54709458584906,35.68684536200001,20.719856517241375,13.13567724230769,55.542079092156854,15.818116255000001,12.25213307142857,15.720347705357145,12.179046092,321.552289025
2000-08-31,28.562521318731076,17.62147211204013,22.148275546349474,35.079160543478274,19.67347526686656,14.354809797658863,59.881039713554955,15.92953307173913,24.886154616691645,15.260711495341614,13.49420427826087,269.30558309782606
2000-09-30,29.313127170780863,17.292829010576916,23.158262095283014,36.075520792,19.2911823112069,15.757290169230764,62.57251867156864,14.7145974825,23.169225484482755,15.279469282142855,14.255020320000002,299.0548813375
2000-10-31,26.9959825703982,17.10691391870629,23.476155548885078,31.06622308727273,16.13973690104434,15.718786835664336,61.74256433689842,13.690354749783554,18.498227061128524,16.03094070941558,13.852318709090907,229.41111973863636
2000-11-30,26.094154988662122,18.591821706043955,23.959224028751123,27.286984488571434,16.034805986279256,16.01803775274725,61.96384276657326,14.611994426303857,18.142566528735635,17.518040236394555,13.396967636190475,146.72667660714285
2000-12-31,25.625608014505378,18.619550424528303,24.485509988679244,24.168662959,15.340894371111107,16.295786867307694,62.59834331372548,15.321498911904763,16.781736353448274,17.727566767857144,13.805259592000002,139.4964421125
2001-01-31,25.676217434656763,18.845147740341417,22.923664551146388,23.839903961251167,16.90607400952381,14.853684487179486,60.6414674136321,15.724777727891158,17.024520711001642,17.49074319727891,14.097037834285713,173.59663613095236
2001-02-28,25.044158500979464,19.35986199106256,22.791596805068227,21.32194884210526,17.18253995877193,15.733577443319838,59.54584843034054,16.086958586466167,16.792863836660615,18.07626469736842,14.415545621052631,135.38433409210526
2001-03-31,22.48462951477553,18.491532773584908,20.11742801010101,17.750447426916214,16.16786572424242,15.578701127622377,54.214841480392174,16.318012149350647,13.642055097178686,17.302359133116884,14.444639721818183,85.27649879545454
2001-04-30,22.247679005459077,18.874189307547173,19.5969315712963,17.819536606862748,16.48439900416666,16.129812265384608,54.42110560294119,16.28548564047619,12.543166343103449,16.82864406607143,14.418537099999998,63.6426263875
2001-05-31,24.004117598127696,20.72099254545455,21.34227318013468,20.28093754278075,18.3181505840909,16.414587064685314,57.962024878787894,17.49985725108225,13.289873012539184,17.049391485389606,15.053683585454543,67.99407062499999
2001-06-30,23.46845533667322,20.26647467604618,22.348473621693124,18.96492716573756,18.450789929365083,16.033280335164836,57.43861547756413,17.387917378684808,13.251252819376026,16.869350462296325,13.71395405411255,41.27208609523811
2001-07-31,22.949489848978494,19.61469672134038,21.63101806164502,18.457853348618457,18.794332300000008,15.604687727106223,56.91842116758241,16.887849156462583,13.334681272577997,16.810665625615762,12.301052635531136,31.07265061904762
2001-08-31,22.604525084417645,19.41903711916265,21.616524052964422,18.31072650805152,18.220623119565218,15.260790414715716,55.39635474665549,16.890869231884057,13.47042287556222,17.00068210194902,12.354337357859531,29.568182836956524
2001-09-30,20.11351001865368,17.228051317283946,20.14113604727273,14.747872475308634,14.907562180000001,14.608367594871794,49.67608398205127,15.485310301587303,12.212503673563216,16.610893434482758,11.124582664102563,27.9863533
2001-10-31,21.01191968477131,17.672209975845412,20.81249914091615,15.509723982286634,15.572031695652173,14.206062762541803,53.28747899273411,15.90376042443064,12.36855407946027,16.79484288905547,11.478099479933109,25.636548902173907
2001-11-30,22.111921072636303,18.755909545855374,21.180649935374145,17.526697436507934,17.269943251756448,14.208262053113552,54.90377604132974,16.900608560090706,12.996790464696222,17.38468543842364,11.328868445054944,33.939531809523814
2001-12-31,22.78294637342124,19.458271259090907,21.32792643567251,18.626895729629627,18.56923120819672,14.211034486538464,54.979885002469146,17.567545204761906,14.189232694827588,17.56446403103449,11.436715473076921,34.62474877500001
2002-01-31,22.7362996137947,19.56540184502164,20.85899620802005,18.397516294532625,18.794846638563623,14.60694605311355,54.717077955908294,17.561173802721086,14.902421453201972,17.74024449589491,11.358152899267399,30.127910285714286
2002-02-28,22.150631950902437,20.074318276555022,20.620719649122805,16.96413510818713,18.718927441760137,14.076640582995953,52.24124505165692,18.227308062656643,14.00596956805808,18.307584756805802,11.502576170040486,22.31895517105263
2002-03-31,23.400113156234994,21.735753146363642,21.17340439473684,18.07534874444444,19.96549999590164,14.870969732692307,54.800960102777786,19.316112049999997,14.243698232758621,18.80538387068966,12.944527265384618,27.780094775000002
2002-04-30,23.07288240985393,21.442181145454544,20.933303666666674,16.785892569023567,19.822120806259317,15.295648963286716,53.812592675084176,19.392190774891777,14.200197948275864,19.157331007836994,13.106882711538463,27.862965022727277
2002-05-31,22.470827126794248,21.282370199173553,20.17391174641148,15.28376010661157,19.94194292697467,15.037347515734265,51.81673059932661,19.699087389610384,13.810220742946703,19.184970282131665,12.98943147552448,28.95752348863636
2002-06-30,21.35527771818181,20.46586229727273,19.0869744122807,13.826098872727266,18.766642502459018,14.021559451923075,49.33935486851851,19.117585185714287,13.942250987931036,18.923089894827587,12.234892496153845,26.1745999125
2002-07-31,19.097385780104133,18.470722151239674,16.742397786283895,12.075745448760335,16.143940269001497,12.140890395104893,43.94063702975205,17.318360199134197,13.229860915360499,17.184398061128523,11.022225281468534,29.118398272727276
2002-08-31,19.2456640490345,18.046975838016525,17.704013101275923,11.527930138016528,15.659908922503732,12.580557697552447,44.93325412314051,17.354626424242426,13.188060501567401,17.733149512539185,11.010222736013985,31.38922131818182
2002-09-30,18.509813866785727,17.419217584545457,17.591638540350875,10.688573417272726,15.652859868032788,11.80639494423077,42.198598453636365,16.841302097619046,13.05168685517241,17.546635637931036,11.14229736851852,24.892390349999996
2002-10-31,18.235826895073853,16.868376166007902,17.783846311975587,10.439509094071143,14.929584245441797,11.180651102006689,42.50018089723319,16.087871821946166,12.197677433283358,17.37537811544228,11.183380014492752,27.51597823913044
2002-11-30,19.326767920902622,17.757308537272724,18.175649347368424,12.401760819090908,15.889503447580648,11.91384631923077,45.440141059090905,16.677133597619044,12.799434677586204,17.374676168965514,11.170909351851849,30.064479600000006
2002-12-31,19.041865306269074,17.8380108995671,17.760758169590645,12.047867684523807,15.613587046851006,12.355867155677657,43.3092651272009,17.286439283446708,12.969818888341546,17.048055351395732,11.759563615520278,30.102972654761906
2003-01-31,18.90893636417878,17.685353637229436,17.802927301587303,11.917116206632656,15.115744666666663,12.729943122710624,43.147667168367335,17.298562394557823,12.85710886863711,17.00269710673235,11.475872530864196,29.906344785714282
2003-02-28,17.558768703247477,16.43933596267943,17.05045858448753,11.235131449248119,14.069405087436335,11.753864738866396,38.1821273524436,16.18742181453634,12.787049239564428,16.114814132486384,11.534177421052632,28.9602442368421
2003-03-31,17.714913158842737,16.177519935064936,17.517200483709274,11.602253443027214,14.381774749615978,11.977987800366302,38.26312641921769,15.949161040816323,13.171021793103447,15.969220500821018,11.741941597883597,27.919902892857145
2003-04-30,18.802142575593837,16.98994134632035,17.87413011194654,12.127730191326531,15.753720792626732,12.588234891941394,41.73638039030613,16.45648796371882,13.88283230706076,16.753535622331693,11.789022664902998,31.46912644047619
2003-05-31,20.034072172239114,18.00276158268398,19.13733449874687,13.375071329931972,17.062488962365588,13.473700659340658,44.1036523435374,17.079128015873017,14.623502522167488,17.421835114942525,12.394800294532628,35.3607858452381
2003-06-30,21.33668061341892,19.053069719480515,20.676722451127823,14.364356447278912,18.25994325576037,14.584466996336998,47.101196664965975,17.78574739909297,15.134873413793109,18.154565958949103,13.13043108112875,37.28271935714285
2003-07-31,21.68258565721041,19.539757900826444,21.11074691866029,14.948286128246751,18.795450204545453,14.014099430069932,48.21673420941561,17.903352712121215,15.912088547021948,18.01574044984326,12.481108851851852,31.60195352272727
2003-08-31,21.956666245637727,20.391982248484847,20.74800209690894,15.37215693367347,19.745350662826425,13.768219774725278,48.1099880484694,18.857444018140583,16.31531107389163,17.799532545155998,12.74629007936508,28.34038265476191
2003-09-30,22.59492622785095,20.730235494372295,21.45908277944862,16.659170891156457,20.45778362288787,14.420646932234435,48.51020496173469,19.23437048979592,16.956589937602626,18.376216285714285,12.964522188712522,29.89787663095239
2003-10-31,23.205108650481943,21.149611188142295,21.56777084973303,17.385563481366457,20.866019123188405,14.743421591973243,50.34131542934784,19.646502322981366,17.573128923538235,18.944350842578714,13.234936732689212,30.75478942391304
2003-11-30,23.554791028674256,21.975636202870817,22.122640745152356,18.018027302631577,21.05488895071012,14.749467576923077,50.111293069548864,20.142979531328322,18.080227749546285,19.336510352087117,13.291048424951267,30.458966657894738
2003-12-31,24.293147273959796,22.921374719008266,23.0106163277512,18.134887192370126,21.016394916305916,15.120086117043448,51.97635027191559,21.651467974025977,18.868405603448274,19.65466459247649,14.597720033670033,31.07351106818182
2004-01-31,25.529777848588243,23.504832046363635,24.19356709298245,19.470001568750003,21.61332298333334,15.668586061111107,55.904291037499995,22.0936165952381,19.571696013793105,19.79212006034483,15.577834327777774,35.4773249375
2004-02-29,26.00805248901963,23.336428920574168,25.158276648199447,19.145845285714277,22.157395159565585,15.848485754385964,57.33841327989384,21.99914634586466,20.326186631578942,20.763186758620687,15.673057309941521,29.181004210526318
2004-03-31,25.911127098693623,22.80920679841897,25.017527175438598,18.618567026397518,22.30477007867495,16.142074821256042,56.83173350419524,22.14140020910973,21.0927772113943,21.10673575412294,16.175480020933975,26.25572589130435
2004-04-30,26.277662569975394,23.86410075844157,25.90401333166249,19.297302036564627,22.564651668178385,15.850028652557318,56.99238322639934,22.658496598639452,19.73321850574712,21.57112155993432,16.691051560846557,24.523242404761902
2004-05-31,25.409091860680764,23.321577452727276,25.635373135964905,18.597875361607144,21.516827285714285,15.275340807407407,54.35034269035089,21.6011206,19.012291010344832,21.587829636206898,16.54023816111111,22.938691975
2004-06-30,26.23824567056075,24.752436193073596,26.151660716791977,18.914742909774436,22.512228847316706,15.911144862433865,55.62866641269841,22.66396063492064,19.98913262222222,21.96743620525452,17.310131599647267,24.222477226190477
2004-07-31,25.639913157765907,24.799609548051954,24.751150258145366,17.746943035087725,21.55383670748299,16.176028543209874,53.84485928153717,22.87588388435374,20.639014984126977,21.71236393760263,18.503279721340395,22.62284025
2004-08-31,25.385881722567905,24.450130847107435,24.059234373205747,18.094848552816302,21.01553885209235,16.733249380471378,53.81206472248801,22.98988720779221,20.73526110972629,21.260678576802515,17.799925696969698,21.66781746590909
2004-09-30,26.34889073715612,25.20864438787879,25.287273280701747,19.04259198627925,21.96128181557066,17.028578756613758,55.462998982456156,23.908271773242628,21.50806069738864,21.363099977011494,19.120574149911818,22.40856704761905
2004-10-31,26.39522604905207,25.68496644242424,24.736657948203842,20.511403158999194,22.252364525321237,17.359112774250438,53.05527328905598,24.11867529931973,22.02176091369048,21.198306418719213,20.168306268077604,24.225614964285718
2004-11-30,27.836128898368585,27.36714450303031,26.017631816207185,22.175515002421303,23.9812753303099,18.32695758024692,55.078326583124486,25.3386035941043,23.180326325892857,22.38851258784893,20.467712211640215,24.692041630952378
2004-12-31,28.98608269907407,28.302641604132226,27.56829140111643,23.26460192835131,24.9683778015873,18.507513776094278,57.601084217703324,26.130865077922085,24.285597339488636,23.10244176959248,20.702676348484854,25.218757874999998
2005-01-31,28.635284481250004,27.426323149999998,27.605625179824557,22.305044190677965,25.11570579444444,18.580974346296298,57.47990602982455,25.412839178571424,23.2398438140625,23.40036995,20.636615822222225,22.575995875
2005-02-28,29.333903135355783,28.169617133014352,28.659642942751617,22.44632824174843,25.387960798663325,19.42274025925926,58.423632267774686,26.41136679949875,23.451692327302627,23.785015542649724,23.1607497251462,20.47248327631579
2005-03-31,29.03229363215487,28.58132654380164,27.956988171451354,22.124225163328205,25.374270672438676,19.607443691919197,55.81425543221689,27.13947125108225,23.327265089488645,23.777433622257046,24.69008387542088,19.972230704545456
2005-04-30,27.95809367824072,27.299657570562776,27.503658050125324,21.544689417272,24.2374191957672,19.845011467372135,51.967799885547215,25.90006489569161,23.313595882440474,23.618632282430216,24.24961749559082,18.546234380952384
2005-05-31,28.533522902116395,27.47820115238095,28.32933664327486,22.649550690879742,24.290966318972032,20.13490209700176,53.708406800334174,25.58171964172335,24.727082254464285,23.624345006568145,23.427188611992943,18.044376321428572
2005-06-30,29.638098007680995,27.845653671900823,28.544401546251986,24.231680659476126,25.77070650505049,20.967106530303028,55.32569105342903,26.450333653679657,26.174830227272736,23.72153319278997,25.933466885521884,19.758321318181817
2005-07-31,30.69478249852285,28.43450876636364,29.181154149122808,25.00023997966102,26.805825253983524,21.779592490740743,57.91388157719301,27.020684247619048,27.885799167187496,23.65081453965517,27.7481513037037,19.4846597125
2005-08-31,30.856367968409128,28.761263661660067,30.11891282684973,24.88760335151069,26.554090027424753,21.683942049919484,58.25537261556064,26.142468248880107,27.62491457201087,23.5307013778111,29.28917956038647,19.1179352173913
2005-09-30,31.131732311403486,28.605770516369052,30.443102784461157,25.454341874091998,25.608912087179494,22.462086770723104,58.40427352832513,25.93783325974026,28.139344010416664,23.260943807881773,32.14959223104057,19.575388202380953
2005-10-31,30.605907082815754,28.26110652465987,29.71612962071847,25.572488221953172,24.495544339926745,21.414626992945333,59.054307097701134,25.475554162337666,27.144303212797617,22.914955444991786,29.87032007936507,19.695276857142858
2005-11-30,32.34194372805615,30.151356365646258,31.248966512949053,28.304588610169496,25.584381092171718,21.176580530864204,62.836294182566604,26.50178601298701,28.649139081845238,23.248974912972084,29.816677855379186,23.690778833333333
2005-12-31,33.15715420031373,31.170934972789123,32.1251974845447,29.011157259079894,26.37153312192246,21.761753569664897,63.676193083131544,27.686086484848484,29.621426163690472,23.460632482758616,31.498400832451495,22.54803205952381
2006-01-31,34.08253212963802,31.79778555535714,32.97316667192982,30.376597075423724,26.86927891449275,22.219520475925925,64.72988852288137,28.83276891818182,31.272989968750007,23.46083590862069,33.683519805555555,23.74834765
2006-02-28,34.213762384586246,33.06037003699215,33.25667397045246,29.13255064406779,26.895455697940502,22.027025489278753,65.14087619625332,30.02733946411483,32.24133177138158,23.567317898366607,32.07033049122807,25.220553013157897
2006-03-31,34.85051540139805,34.26240225642948,33.66175811289092,29.222441859248335,27.25359351858853,21.880188138486307,66.35538582240237,30.879322899209487,34.25483961548913,24.169984982008994,31.45201843800322,27.248577086956523
2006-04-30,35.424620739331466,35.612021036297634,32.959300218836574,30.721775418376453,27.486734900076282,21.462428715399618,66.66578392595893,32.46315516507177,34.03945703618422,24.038414150635205,33.7871371539961,31.49073071052632
2006-05-31,34.82932420735445,35.73542162852665,32.18936207017544,28.870589415909095,27.001408186429508,21.544963281144778,65.90476387365177,31.59615616942149,33.56558119744319,24.700774119122258,33.00592712794613,31.332446068181817
2006-06-30,33.638972055873346,34.057306514106585,31.557001631578952,27.63696834999998,26.040326868247696,22.06404236531986,63.142895922187996,29.643026169421493,33.33032395028409,24.85449790282131,31.20170580976431,28.55128580681818
2006-07-31,33.770871664262586,33.74813256206897,31.869281931578943,27.098159915000004,25.18431349873016,22.8626376,63.25707719237289,29.946942425,34.9738900875,25.376468731034482,33.31289993148148,28.15939665
2006-08-31,34.24834246968221,32.52814335457271,32.652494531655215,27.406375442753625,25.523908314906834,23.58756712399356,65.12418109432569,30.850837067193673,36.23122549184783,25.49081178710645,33.427047534621586,28.10507132608695
2006-09-30,35.26756237781504,33.09570645086207,33.71315133333333,29.088179379166665,26.867894285680755,23.737092112962962,67.61129999915252,31.215394125,37.929179035937494,26.139729303448277,30.671214748148145,32.2582477375
2006-10-31,36.6670065192776,34.86701390282131,34.56085514513557,30.55311165052161,28.773021113956457,24.674145127946126,69.78251337596302,32.58187712809917,39.40495415056819,26.190313482758622,31.192566877104376,34.709929511363626
2006-11-30,37.75284802030187,35.706870848111656,34.874220636591474,32.03377604137392,29.755140012743126,25.67655322751323,71.40053801452788,34.376087246753244,40.66109743005952,26.192862180623973,33.304459137566134,34.476417285714284
2006-12-31,38.59096119720982,36.19222976896552,35.431601765789466,32.10195679836067,30.593784169718308,26.613975437037038,73.03945344152547,35.61721075681818,42.155977495312506,26.66845134137932,34.49022398333333,36.59895135
2007-01-31,38.99911579714748,36.54019206379309,35.665549828947384,32.01425666240695,31.57901959507042,26.266866290740744,74.14229844491523,36.21081361363636,44.075404562500005,26.890277951724137,32.523947477777774,38.5041806875
2007-02-28,40.240379051208244,38.403999088929226,37.02789205909511,32.12226770870725,32.73793383320979,27.63051552436647,74.6616047573595,38.7150405215311,46.92575181085526,27.379433584392018,34.32533244834308,39.951639434210534
2007-03-31,39.17803013564822,37.42092556818183,36.078635414673045,31.13778234525903,31.962817994878357,28.154747821548813,71.82131028659475,38.7503942623967,43.900428205965895,27.0622540815047,34.8118964006734,39.12621831818183
2007-04-30,40.63030170757245,38.63578659655171,38.00537471754385,32.29334606048387,33.241848365492956,30.030823464814812,73.27574927372879,40.279675306818184,44.4971327953125,28.153976043103448,38.01061302777777,39.108472825
2007-05-31,41.6703874733521,39.869503655547,38.965294761562994,32.89805491883117,34.16497618565943,30.64149826599327,76.54229497303547,41.19069263636363,43.07174710511365,28.37144080250784,39.92278763636364,38.45820189772728
2007-06-30,42.0294990496579,40.89848856255045,38.701986710944034,34.59353874403095,34.70214502749831,28.816685966490304,75.90499329841268,42.53433254978356,41.609890117559516,28.186865011494255,41.827084604938264,39.00763692857143
2007-07-31,42.03886125013168,42.17306556497174,39.4172447477026,35.455952118858654,34.5009621167002,28.56132072310406,73.56275286587301,42.92014404545454,40.44029274553571,28.184411735632175,42.56807004056437,39.57629072619047
2007-08-31,39.957555464247186,40.48457460869566,39.54006036765826,33.385616889967224,32.75963225719534,27.978641922705318,68.23639663405797,40.034867106719375,38.40788439945652,27.687679851574213,38.912299508429456,36.309262347826085
2007-09-30,41.12349957271781,41.59507310883139,41.305044502308405,35.0268127808624,33.463743588584144,28.77801822612086,67.92724544656724,41.8504024569378,39.727692758223675,28.074302143375682,42.029828125939844,35.37390627631579
2007-10-31,43.02734002719063,43.28943587546057,43.15191003127384,38.48746182439615,34.37840727294687,29.82177007407407,70.04185188595865,44.487078201581035,42.21301635190217,28.69339782908546,44.77400869409938,33.854165826086955
2007-11-30,40.87434336378857,41.59334139790155,42.95202288972431,36.73853737641724,31.97089216732804,30.46221986419753,62.978899619047645,43.132761448051944,39.09541145982143,28.613985487684733,44.11999143877552,28.690976845238097
2007-12-31,41.58022385748547,42.21942241440678,44.327286219298244,37.84325715084034,32.284779351388885,31.362376766666667,62.820699307425265,45.43623542727271,38.31299408125001,29.232752113793104,46.02515011607143,29.3886173625
2008-01-31,38.348653921355364,38.52806646246973,42.37868184544694,32.92288826194255,28.69747019179893,29.757110134038797,58.4896981241218,42.97252025108225,34.99113923660715,27.656733323481113,44.39261338265306,27.374091345238092
2008-02-29,38.13670969747257,39.43586119661017,41.64484830701753,31.874408669047618,29.605948186111114,28.394305927777783,56.05750224016393,43.96328219090908,35.7732953125,27.604025334482756,45.76340215178572,25.278670687500004
2008-03-31,36.59059325877287,38.492462961016955,39.13726080526315,29.776085805859367,28.276809147916666,27.464448175925927,51.83086752842969,42.96509373863636,35.741887065625,28.026998943333336,47.389166432142865,22.350772975
2008-04-30,38.817269901515154,40.601818927580894,40.25203147288675,33.11058078125001,29.408588621843435,28.44391481439393,54.796038613263796,46.097484549586774,39.20087772017045,28.674068478787888,52.054458926948044,23.854696534090905
2008-05-31,39.661121861458064,42.46894505972558,40.15302116290727,34.181332122991066,29.89021880423281,29.20667852891157,54.13840136846216,47.393162495671,40.480881761904755,28.64620869169603,56.28282415306122,28.23140409523809
2008-06-30,38.20978122265486,40.55852248829702,39.34539196324145,33.868046831845234,28.25535201685985,29.252743768707486,48.559004829039814,48.334786978354984,38.700845095238094,27.791263262672814,57.67894198129253,28.766133309523806
2008-07-31,35.60157320308664,37.654318004622496,39.58586097049443,31.420814816406256,25.720255351183063,28.061376910714284,43.60747481053416,44.470842045454546,36.68846883238637,27.147270370967743,51.16600450974024,25.659919181818186
2008-08-31,36.390172901130825,38.868233853107355,41.81560734085213,32.00065478911564,27.622530985649057,27.23588228231292,44.78160420062451,43.757039705627705,38.071102447916665,28.37737181105991,46.33670033503402,26.701080750000003
2008-09-30,34.372181284230514,36.48386952623085,39.763242523809495,28.867857697656838,26.72006825525526,25.95811746768707,41.62321111397345,41.578903047619036,37.88091718452381,28.547262970814128,42.324231692176866,25.92739602380953
2008-10-31,26.111787707844965,27.39548630434782,31.861141903890154,22.586763927536232,19.444790860164517,21.694267621118005,30.325723530292233,30.03245849407115,28.205752085597823,24.972363663394113,29.758873124223594,17.78208093478261
2008-11-30,23.02427367471397,25.21976280285459,28.552218682363794,19.789142811194644,16.4616893200569,21.911885808270675,24.318645167385682,27.376388265550236,21.782963672697367,23.763117747028865,28.596526798872173,15.384763618421054
2008-12-31,23.06088254244855,25.60949048690292,27.652974628389167,19.691329152958154,17.821317738329242,21.884833441558442,24.004616210565548,28.532347696280997,22.10658791761364,23.341620693548386,26.724755310064943,15.463680602272726
2009-01-31,23.250563229565202,25.99582225847458,28.37221664561404,20.448669540476192,17.957376782432434,22.467651299999993,22.369714102459028,29.138359568181816,21.6606735609375,23.341103164516124,28.239592326785722,16.5845290625
2009-02-28,21.87590371956523,23.46446528189117,28.764465300092333,20.446670053467003,16.810839113798007,21.472642404135335,19.5466051285591,27.38985749282296,18.562128328947367,22.19904779966045,26.736685609022555,15.013311947368422
2009-03-31,20.593183409881437,21.003713287365184,25.51630927751196,19.818648064935058,17.169936601351356,19.131060665584414,18.638433477645314,26.991752157024795,16.99199083096591,21.062949090909086,25.59612024512987,14.471470284090913
2009-04-30,23.641558393892307,24.726800322841008,27.659067868003344,22.67889834542706,20.7317868970399,20.10723786054422,23.034903741608105,30.680786915584417,20.61808517559524,22.274956499231948,28.27970925510204,16.493390797619046
2009-05-31,25.296357647603514,26.28034836186439,29.736527108771927,23.922544311111103,21.939207614189197,20.661708233928575,25.85827847500001,32.14722320681818,21.8639219125,23.298000598387098,31.56810010714285,16.9030335625
2009-06-30,25.986681291436106,27.006470664098615,30.723484486443375,25.191171515151517,22.369082867936125,21.625994655844153,26.18798066343765,32.18504137809918,22.43063107244318,24.089310353372436,32.00617227110389,17.804962840909088
2009-07-31,26.338726127748064,26.809267601694913,31.828063074162685,25.805071575036077,22.8994020061425,22.42198315422078,26.638287655303024,32.00275684297521,22.401806034090907,24.969037939882696,30.459816777597414,18.57843444318182
2009-08-31,28.93389358994136,29.572110117836957,34.52426997660819,27.691780647941467,25.55422049099099,23.32949282993198,30.332978136507936,35.20020966450217,26.461750958333333,25.722188709677425,33.752167797619045,17.956516535714286
2009-09-30,30.231292393244505,31.15254758837772,36.00701700835422,29.00960595982142,26.936307978120972,23.48081234523809,31.021926174863385,36.67030421428572,28.475471529761904,26.62614178341013,35.82016869217687,18.486938499999997
2009-10-31,31.071824311323684,31.418956817760954,36.325112791068584,30.425283404119316,27.69625197727273,23.52223408441559,32.507862956060606,36.750145747933885,28.731088053977277,27.492199856304985,38.53977430844156,18.56178823863636
2009-11-30,31.64005613477884,32.170174395000004,37.68465543157895,31.164093225494494,28.54826439927272,23.59126797678572,32.048495770833334,37.208093684090905,29.588853174999997,28.15569513548387,38.46326701785714,18.663659925
2009-12-31,32.80191311293932,33.40795416212122,39.591282326156296,32.63664734083917,29.769303649090908,25.37481399188312,31.855836565909097,38.52164767975207,31.801721292613628,28.51260091348974,38.783659767857145,20.41313106818182
2010-01-31,33.28036305379247,34.19038838070175,41.008216110803325,32.57478922280702,30.108728360226234,25.07948482142857,32.20984686533483,38.4752648708134,31.889191439144735,28.5424245976231,40.94717766541353,20.00794964473684
2010-02-28,32.4726560094728,33.650210056140345,40.85473974053555,30.863771808657738,29.885123952216077,24.013511770676697,31.134924472821393,36.452349000000005,31.13012773519737,28.564750993208822,39.60078634774436,19.182554131578947
2010-03-31,34.73307288733052,36.53475685,43.19315544088481,32.815234082943135,32.738742078375296,24.564343917701855,33.647840779757665,38.36565607114625,34.564937230978266,29.864061347826087,40.79947381521739,20.303004739130433
2010-04-30,36.308078689491495,38.6218522547619,44.028237548036756,33.92457822444224,35.57845286779448,25.013439102040817,35.13543657142857,39.31946236024845,36.646618955357134,30.369314098310294,42.98207288095237,20.583176119047618
2010-05-31,34.61800860505487,36.97340070083333,42.26703052456141,32.00680601700854,34.20876712894737,24.329822562500006,32.3376203,37.179688808695644,36.5074161671875,29.677379764516132,39.94472581071427,18.778977349999998
2010-06-30,33.63303496606818,35.53756507954545,41.600197214513564,31.44901370026896,32.861892225478485,24.139344886363638,30.650307437683296,35.84312324110672,35.749592661931814,29.39468526392962,39.196229889610386,18.496730647727272
2010-07-31,33.46583992100962,35.353705706349224,40.58409267502088,31.632372892113086,32.32875907769422,25.09044505442177,30.525902354070656,36.0218854968944,35.897839867559526,29.676119066052227,38.50441021258503,18.40000398809524
2010-08-31,34.10424405823252,36.16637982348485,40.399542071770334,32.09029668181818,34.00252826315789,25.923040245129865,30.401494605571855,36.892805171936764,37.61491199857955,29.66610865835777,38.76006319155845,19.398000579545453
2010-09-30,35.50605593341491,37.65262038730158,41.40304120300752,33.368094421978014,36.633549493107786,26.5343587329932,31.386448771889395,38.42106700828157,39.345125854166675,30.476797685099847,39.778885255102054,20.113400678571427
2010-10-31,37.354432291028,39.85122245079365,42.96363222723476,36.28375329166666,39.21205968107769,26.94663383843537,32.50780036789554,40.28337388405797,39.76125040476192,31.37387188786483,42.92228152210883,20.40387966666667
2010-11-30,38.64353106660819,41.05291346825397,43.84164080451128,37.68249825494506,41.93891721374458,26.70512904761905,33.36250528494625,41.88149777846792,39.71246596130952,31.473022827957,46.26626730612245,21.16104411904762
2010-12-31,40.4185180757807,43.55514880227271,45.641622696969684,39.54337446022728,43.753625852420306,26.699511623376626,35.22798327094679,44.344649041501974,39.91389225142044,32.334535259530796,50.067036337662344,21.901609863636363
2011-01-31,41.50333591452989,44.66826903934425,47.61709063070175,40.71364233749999,43.65835108116883,27.22486292857143,36.66781776048388,45.20089361521739,41.22455712500001,32.55465707419355,52.927675044642854,22.847618287499998
2011-02-28,43.009179626753465,46.16409883692838,49.703609798707284,42.02590052384868,45.278706930963786,27.41397281390977,37.83294249660442,46.52550746224256,43.08937477796052,33.10700694057725,55.91326401451906,23.25282148684211
2011-03-31,42.684216595951014,45.7142660071276,50.00921591974323,39.97377262541807,45.479125944099366,27.399576756211182,37.03647365778402,45.66911395274102,42.777388555706516,33.6352099312763,57.10947925637182,23.31295164130435
2011-04-30,44.20928628491602,47.12373658606556,52.8194228137931,40.87846240781251,47.845400144155846,27.867714958928563,37.6143929364601,47.61729169130437,44.703105493749995,34.87705743387097,58.00768292068967,24.7947857
2011-05-31,44.67455120830796,47.10976167291178,55.1744459228243,40.98156654017857,48.88554642733456,29.17362152721089,37.07195590860216,47.01606275983437,46.42569634374999,36.03833351766512,54.916624988505745,26.323744488095237
2011-06-30,43.18792891003668,45.108466094634885,54.02035271238248,39.072692741477276,47.46348953305782,28.689084012987017,35.192610893695004,45.64101384387351,45.69363663636364,35.42784967741935,52.004005372424245,27.037930988636365
2011-07-31,44.75776031815288,46.25224720491803,55.44658519482757,40.78935350546874,50.60282111753247,29.130040521428572,35.37848194838711,46.892611465217385,47.7605169234375,35.988175870967744,55.19962061833333,27.644511762500002
2011-08-31,39.76909680208617,39.34869264076977,48.81442617091452,36.181160891983694,45.68737153359684,28.079973683229817,30.834969146563814,41.284106820415886,43.599856190217395,34.07109425806452,47.797261755072476,24.456032695652176
2011-09-30,39.82135934478871,38.57236104880603,50.110092298029556,36.007096264136905,47.380526853432286,29.151474200680266,29.676538763440863,40.654280813664606,43.35334963095239,34.63766135637481,45.41219769999999,23.411750488095237
2011-10-31,40.57576102048339,39.88574893080993,49.916265127257795,37.85767485788689,48.183507558441555,29.698859450680263,30.614672604454693,41.32546074534162,42.6586435,35.21689361904762,46.038301568253964,24.123618107142853
2011-11-30,41.67204581233082,41.70071372033259,50.87443989901477,38.77883977362638,48.82080029426131,30.17962345408164,31.119083854070666,42.60318542236024,44.10971798660714,35.50689066359447,49.59920365396826,23.545700226190473
2011-12-31,42.06490563159099,42.57491324640968,51.45823684154352,39.121299612454216,48.025472634908965,30.91374976020409,31.818570453149015,42.82579320082816,45.20122219494047,36.642239757296466,49.09126057777778,23.38480654761905
2012-01-31,44.10898727693926,45.352270380952376,54.8914062387931,40.09332254999999,50.389999079375016,31.01509127857142,33.743295066935474,46.3998365,47.6901375734375,37.22077954516129,50.47465197500001,23.8505565125
2012-02-29,46.52054675293499,47.874797815872995,58.062369637068976,42.40991346923075,54.02537846062499,31.169874476785708,35.52432723467742,49.00982340434783,49.976690285937515,37.543969209677414,53.89596958833333,24.835628300000003
2012-03-31,47.923718755193434,48.27588662698413,59.7141793510972,43.96476903916085,57.9708873602273,31.430776076298695,36.831714115835794,48.89290487747037,50.91753943607954,38.485324170087985,53.1123730439394,26.48250426136364
2012-04-30,48.1619269141133,47.95132657063492,60.996157324999984,43.96586719076924,59.11290391187498,31.686377419642856,36.8626573483871,48.93252318913043,52.358426892187516,39.028442133870975,49.55748196761787,26.086255362500005
2012-05-31,46.84357708564779,46.271335247474745,60.20367576880879,41.69482020286193,57.78953394318181,32.35625416558442,34.97021238269795,47.00730690711462,52.94823180397727,39.0272934398827,46.34699029618768,26.866357625
2012-06-30,45.86144499065513,44.849341623582774,59.637458379310345,40.21008900649351,56.11346686369045,33.41083353741496,34.01457437019969,46.59035304554866,52.70263754910714,39.30358197081413,43.79010759447005,26.952063940476194
2012-07-31,46.923153932100576,45.81095902569918,60.54933576108375,40.78594512121213,56.09689801071429,34.46587970238096,35.023111522273425,48.787315358178056,55.57278914136905,40.684486347158206,46.18466801843318,27.827398535714288
2012-08-31,48.040135992193946,47.38504804140786,60.731247004497725,43.35246000790512,56.18081575380436,34.34986737267081,36.2428458997195,50.33646558412099,55.97275640625,41.41741171248248,49.43560480645162,28.426437021739126
2012-09-30,49.650350631798716,48.249439929824554,63.08740972141558,45.0542210677831,58.87501720986842,33.8155619906015,38.06403770713073,52.34620990389016,56.57947684703947,42.18660617826825,51.38682497962648,29.346507986842106
2012-10-31,49.62459542189677,48.24311116553288,64.05208544909688,44.79043054285716,57.88782833095238,34.43712504421768,38.78073062519203,52.6349616563147,55.39512122172621,42.43087219354839,50.87884779569893,28.532940095238093
2012-11-30,49.033990895696306,48.62558182993197,63.14764012807882,43.0825809912088,58.49041655714287,32.875351079931974,38.29103269585252,52.79897402484471,54.11908430357143,41.82800974961599,49.06425962519203,26.822973964285715
2012-12-31,50.21623528043932,50.278785196825396,64.54833345517241,44.78142776692308,58.888064963125,33.554393558928574,39.324692502419346,54.72598474565217,55.669136489062495,42.99682079354837,49.63993169516128,27.772088887500004
2013-01-31,52.745999327567326,53.41835482388512,66.47456444713478,47.05912551868131,61.832063148214274,34.227371591836736,42.04612564439324,58.484963107660455,58.50656956994048,44.19292467281106,52.723543906298,28.6797975
2013-02-28,54.23610315175439,54.804648788638254,67.90336804122808,48.78389636437248,63.55802519407892,35.338420114661645,43.568749278438034,58.564202494279186,58.7111816776316,45.76661682173174,55.89726564516129,28.372873565789476
2013-03-31,55.624181781770844,56.4644702936508,68.56574282749997,49.86268978769231,65.46632063187504,36.77723439107143,45.39930127822581,59.859709754347854,59.06777488437501,48.00579765,56.91717266129034,28.478032075
2013-04-30,56.308110508522724,56.19506863203465,70.97281760378789,49.03282550419579,66.59998225681815,38.81807926136363,45.61767710923755,58.95840964822135,61.61299650994319,50.20216270821115,55.5052213079179,29.766412022727273
2013-05-31,59.25147014254153,59.2666590050505,74.45892247717957,52.0404394825175,70.87832346193181,38.57287299350649,48.75738877639296,62.427147687747045,63.50794644460227,51.1500374941349,58.50857719061584,30.45229165909091
2013-06-30,58.16057788644977,58.71665439603175,73.90220177459014,51.58560106461537,69.40457107164632,36.74752452321428,48.942162475,61.38136150652174,58.28874796875,48.861919236458334,58.17339519516129,29.17664705
2013-07-31,60.322061886551495,61.12276189898991,75.68547619970194,53.48907465944057,73.21298235864745,38.19132245129871,51.14149590909093,62.008546654150194,60.13329669034093,50.35988282812499,59.69613843548387,29.68268761363636
2013-08-31,60.80910732612646,62.23883706421356,76.11771030701557,54.514437729370606,74.62532022893572,37.66028123863636,51.460711160557175,62.3792364881423,56.440385126420445,50.31380601136364,61.42634612170087,28.93512443181818
2013-09-30,62.09846185556698,64.06525165396823,78.5485418266129,55.87841731153847,76.45916363170734,36.84789644642858,51.847349400000006,64.02054214565217,57.004411648437504,49.799642890624995,63.85132767258065,29.143968425
2013-10-31,63.97363039444192,65.65221974258108,80.58529861150069,57.43996620066891,79.3526489501591,37.84852403571428,53.57804208064517,65.7277674536862,58.40804733831522,50.803340103260865,66.53342757503506,30.280412391304345
2013-11-30,66.31382916897576,68.21743646284723,83.35608491290324,60.13606806230769,83.88771991036587,38.4755748375,55.86894627258065,67.75449170869565,57.01990067812499,53.130762592187494,66.73498131935486,31.318775537500002
2013-12-31,67.30522568636091,69.68263563764883,84.35797884792628,62.521047879853455,85.76600334552846,37.61176727040816,57.24342855837175,67.71497875776397,56.15572017708333,53.16698822321428,66.26664929339478,31.122474654761906
2014-01-31,68.52058105428176,71.6515932046131,87.9389069170507,64.88178002930401,85.74502892218351,37.90671446258504,57.47298792242704,69.06606916770185,57.91585048065476,52.82906465476193,65.88829852995391,31.281399154761903
2014-02-28,69.72718382586093,71.57054200986846,91.54000136926996,66.5718897668016,87.63143044608472,39.60492556015038,55.9407087317487,69.96469315102973,60.785717666118416,52.469158848684216,67.30708697962648,31.66890675
2014-03-31,71.60211509376839,73.7006395029762,93.0727994454685,67.69185913992675,90.40165380197442,40.57825106292517,57.733361145929344,73.46259830434781,61.688535782738086,54.22707909226189,69.67910891705068,32.4936998452381
2014-04-30,70.33136421247679,73.62409664955356,89.42192717665132,64.6791150058608,86.7733144599303,42.40269876530612,56.22638273544974,72.86854026708075,63.025956346726204,55.038756517857145,73.130786890937,33.84656819047619
2014-05-31,71.07978376923825,74.70850348065477,90.02329027035333,64.89139802417583,86.64837837049942,42.520694977891154,56.518715467120174,73.55387227743272,65.80713271428571,56.123998892857145,75.5565155207373,36.048673702380945
2014-06-30,73.62217006321967,76.35300682481687,93.93360375883258,67.93746567545789,89.72452163763066,43.584955006802716,58.77462025699167,75.86977139130434,66.87042478273808,57.41057422470238,79.9377546344086,36.15512091666667
2014-07-31,74.33397568373978,75.64282019650351,96.51976403372431,68.8195961678473,90.93875434478936,43.37956799188311,58.811074179687495,76.28104852569169,68.51641086789773,57.384709529829536,80.9351732947214,37.19655156818182
2014-08-31,74.41797758794951,74.88070521465201,98.55494873655914,68.66793627272726,92.27315659117305,42.58153050170069,58.31648646502974,75.61786070393373,69.27001804464285,56.81763144196428,78.54239466973888,36.658384988095236
2014-09-30,75.11789212035684,76.28928178241758,100.76934226344085,69.72848007431458,92.12168351277583,43.452114248299324,59.572690416849795,76.37376176811595,68.1772912232143,57.92150070535714,76.68811467895544,37.65638847619047
2014-10-31,73.0398089396087,74.30781149431435,100.30956012552592,66.7118116014493,89.04243630010603,44.650169128881984,57.744173836789315,72.08242627788282,69.09344314809782,58.302623835597835,68.18376522159886,36.73243872826087
2014-11-30,77.57816974535903,80.038688297166,107.90009970628184,70.58966384768738,94.16646604685496,47.126577434210525,61.39356458579314,76.2631982562929,73.97198103947369,61.76122240953947,69.03688304074704,38.871507605263155
2014-12-31,78.4797743559526,80.43586441678323,111.02766971627568,71.2340676735537,96.42615752161863,48.502896628246766,62.533703889510484,76.59124128063239,76.23180679261363,62.982427176136355,61.60545540175953,37.78443505681818
2015-01-31,78.29711537055971,79.73276583461535,112.56807495725803,70.20597185545353,94.96978577256098,50.465356942857156,60.39346782692307,76.94238236956521,80.98862335312498,64.1773186296875,59.734459820967736,37.6707983375
2015-02-28,80.73293048234918,82.31954207044537,114.8419864796265,73.00727811547526,98.65611943068033,48.63053828383459,62.611036223481776,81.93682676201372,80.60120020723684,65.61455377302633,64.38236697113751,39.472875644736845
2015-03-31,81.69294522012625,82.29121312657345,119.30934569941351,74.61045234360283,100.8347372527716,46.46554674512987,63.25460463368986,81.95125943873518,80.3574485852273,65.60575857812499,62.38852555131964,38.99321648863636
2015-04-30,82.4832986110143,82.13201070842489,121.01790670660523,74.6860227562189,102.02430396399537,47.00450104421768,63.47891139413921,81.93697905590064,80.16212728869047,66.16884166964286,67.21395248079878,39.35346319047619
2015-05-31,82.60302698882104,82.54968097076919,120.86269575725807,75.87526556567163,101.33564812012196,46.34055545892857,64.43493518923079,84.10483517173913,79.0161893875,66.21794634375,66.01241622903227,39.825786012500004
2015-06-30,82.37896992507845,81.55792865734266,123.96676118035188,76.19638163867027,100.9964252588692,44.65416360064936,65.02173592867132,81.67441704924245,76.96664289914773,65.49456683380681,63.5588614281525,38.85347003409091
2015-07-31,82.57243084153616,80.25964319370628,125.63563006158361,76.39732327107525,103.07727291796004,45.33093724188313,64.96870103846155,79.14821592803031,78.51720449431818,67.11418217052342,59.14669264956011,37.6125714659091
2015-08-31,82.33769529749831,79.26013383589745,122.9087525967742,77.90334634044069,104.35352024099883,46.659362685374155,64.10605362127976,78.05920520833334,79.39219832142858,67.64107426551227,55.57744495852535,35.91049430952381
2015-09-30,78.67043292279946,76.09031309084249,116.1680221159754,74.17311168382355,102.3500134651568,44.40324785544216,59.12745816703294,72.88324027976189,76.63729751636903,66.09297544300146,52.89525588786482,34.22869852380953
2015-10-31,80.94102269093953,78.45983469160844,113.21013638123165,78.29102018716577,105.11015888414636,47.21978253896105,60.68012421282054,74.48684552272728,82.421696765625,69.54905341597797,56.909570353372445,35.32718478409091
2015-11-30,82.89417546340727,80.71675727230767,117.92986552338708,81.23756394637682,105.78627969878049,46.25746013214286,63.59157612307691,76.63857990000001,83.09379362031248,69.63554727575755,57.97791551774194,36.776927562500006
2015-12-31,81.92352269941347,79.26191327832166,118.67434145601176,81.48953430566534,103.05797893403549,46.22138928571428,62.18953442167831,74.41497091477272,84.66378428409092,71.65596989944905,51.651536313782984,37.12379753409091
2016-01-31,76.57337714144066,73.62539583481781,111.81326385314092,75.24227597101451,94.554913351733,47.28609962969923,56.95660737746711,67.70500907017542,83.53764921751646,70.31880887081341,45.49457404414262,36.12661625
2016-02-29,75.82705346754568,74.90132115538464,107.1802326935484,73.05436819710144,93.86758963597559,50.47707069464286,55.92838157460318,69.30653925,80.79952693225806,72.13597167121212,45.172870566129035,38.2704883875
2016-03-31,81.22265899506189,80.89424018251749,111.4406499648094,78.42623929578394,101.7173421277839,52.88314654058441,60.05926646825397,75.9555538030303,87.49326793548389,74.80554507988981,50.749530634897354,41.10876822727273
2016-04-30,83.56116840119523,83.77493220366301,115.97527970430109,80.1630692705314,103.06859746586343,53.45371098639456,61.96281430158731,80.08154733730159,90.11541850076803,75.74811813997113,53.99060734715822,41.55294857142857
2016-05-31,83.48984619895894,83.97346598095237,115.02548790860219,78.79252269565215,101.85503880722888,53.95350616496599,62.88464402569917,81.90284136309525,91.13901787250383,76.11765716450216,55.71158710138249,40.3531209047619
2016-06-30,84.47196210968414,84.71693163356645,116.7811039706745,80.57589370092225,102.07439765678299,56.36776828733766,62.11265417223254,82.85349415349927,92.49605786656892,77.64418068732783,57.207569784457476,41.162969261363635
2016-07-31,87.12663208643815,86.79217089752788,121.30027289274194,82.83909726231889,105.47886510722891,58.54870073571429,62.78854773174602,85.34033949166667,97.78250091129034,81.02615938181816,57.162359035483874,43.8312438625
2016-08-31,88.45896258395888,88.50652713768116,124.02916010659189,85.96671497605547,107.5328791042431,56.49973401242236,64.49203562522646,85.79910776992752,95.20895558953805,80.43112209486166,58.8781694403927,41.66953777173913
2016-09-30,87.70483657593172,87.67658578354978,122.23619192319512,86.66289386266389,106.05423898508316,55.94534021258504,65.41410177529761,84.17473127579366,93.34116331845237,77.74380630880232,59.413661884792624,40.540678642857145
2016-10-31,86.87552431369163,86.94592303030302,119.0083343970814,87.64488994616976,106.04058997934592,54.18983520068027,65.39649919270833,82.27815498015873,88.97282296577382,76.33576799567099,61.230118235023035,39.430515892857144
2016-11-30,87.70053598150814,90.83244866378065,116.64673471505377,88.82721699792961,107.21914201606423,53.49358192006803,69.53745053943452,85.30880367063493,85.9588307604167,74.0700504069264,60.62326423502305,39.88962707142857
2016-12-31,90.42155185493922,94.87915116522365,116.30773850076808,91.2354740296756,109.83271589672971,54.683984680272104,74.72386487127976,88.71035303968256,88.35981952083334,74.79663713131312,66.00645828725038,42.220763035714285
2017-01-31,91.74887621509049,95.09380922348481,119.7730410185484,93.93192978695652,110.61039179638557,55.44679184821428,75.06419815312502,90.6178246125,91.18823019375,75.8385095939394,64.65961148225806,43.443517475
2017-02-28,94.2668157474321,98.42082453429029,125.58552094142617,97.2658125865751,112.38906708116677,56.77740659022555,77.52774127796054,92.11288517543858,92.27920360197366,78.47422934609249,62.789897129032255,42.263131868421056
2017-03-31,95.82002240048986,99.21898391897234,129.47195461781203,100.17435468872083,114.80256903404927,58.90989851863353,78.22565198369564,92.1227788514493,92.1454664701087,79.8420387206851,60.35131237447405,42.00588338043478
2017-04-30,96.24684167944511,98.43983347687403,130.33790979711372,100.85374160030511,116.27551419277111,59.67288629699247,76.9058291036184,93.6713338399123,94.47022519901314,79.7702762535885,59.89541444482172,42.67519422368421
2017-05-31,98.60095579842692,99.90155728374656,136.92822079325512,106.89509501515151,118.3181738274918,60.110713339285724,77.78961620383524,96.4617834810606,94.2715343096591,80.1911702203857,57.672446265395884,41.546680886363646
2017-06-30,100.54453116621019,102.42299317906338,143.64986131818182,109.20150260869565,117.8355461900329,62.17659343344156,80.64268208451708,98.76403076136363,96.29401572301134,81.36841428374656,54.59142800284091,42.42898701136364
2017-07-31,101.34604079477916,104.74039063181819,146.84698766290322,110.10977982463766,116.45752642590358,60.90231973392857,83.36710553750001,99.84660574791667,95.98331061406252,79.0114389348485,55.47278694843748,40.5969861
2017-08-31,100.27417012892,103.8694655988142,145.01348792075734,109.83048268872085,113.86600331322097,63.36147641925466,81.95401198726051,97.79545245833334,97.15486646603259,79.76315676152832,52.77898052038044,40.61294457608695
